Datetime,Water Level (m)
2025-10-18 00:00:00,0.0009304203
2025-10-18 01:00:00,-0.054081816
2025-10-18 02:00:00,-0.041691232
2025-10-18 03:00:00,0.06858172
2025-10-18 04:00:00,0.19716705
2025-10-18 05:00:00,0.34133017
2025-10-18 06:00:00,0.45079258
2025-10-18 07:00:00,0.47658166
2025-10-18 08:00:00,0.43200198
2025-10-18 09:00:00,0.3446993
2025-10-18 10:00:00,0.24448805
2025-10-18 11:00:00,0.15451573
2025-10-18 12:00:00,0.06767879
2025-10-18 13:00:00,0.0001019286
2025-10-18 14:00:00,-0.02560658
2025-10-18 15:00:00,0.07494835
2025-10-18 16:00:00,0.21745703
2025-10-18 17:00:00,0.3853358
2025-10-18 18:00:00,0.50140125
2025-10-18 19:00:00,0.5602501
2025-10-18 20:00:00,0.527128
2025-10-18 21:00:00,0.45558053
2025-10-18 22:00:00,0.353099
2025-10-18 23:00:00,0.2589125
2025-10-19 00:00:00,0.17021006
2025-10-19 01:00:00,0.085843116
2025-10-19 02:00:00,0.036488783
2025-10-19 03:00:00,0.0728455
2025-10-19 04:00:00,0.21980888
2025-10-19 05:00:00,0.37493503
2025-10-19 06:00:00,0.5254638
2025-10-19 07:00:00,0.58811265
2025-10-19 08:00:00,0.5563848
2025-10-19 09:00:00,0.4779057
2025-10-19 10:00:00,0.37551054
2025-10-19 11:00:00,0.28124285
2025-10-19 12:00:00,0.18984352
2025-10-19 13:00:00,0.10361322
2025-10-19 14:00:00,0.042504344
2025-10-19 15:00:00,0.055553064
2025-10-19 16:00:00,0.19426157
2025-10-19 17:00:00,0.36097574
2025-10-19 18:00:00,0.53800225
2025-10-19 19:00:00,0.6359058
2025-10-19 20:00:00,0.6661392
2025-10-19 21:00:00,0.597727
2025-10-19 22:00:00,0.500702
2025-10-19 23:00:00,0.39738646
2025-10-20 00:00:00,0.30338457
2025-10-20 01:00:00,0.21141934
2025-10-20 02:00:00,0.13002567
2025-10-20 03:00:00,0.095793135
2025-10-20 04:00:00,0.1892601
2025-10-20 05:00:00,0.34644297
2025-10-20 06:00:00,0.5328358
2025-10-20 07:00:00,0.6318732
2025-10-20 08:00:00,0.6592364
2025-10-20 09:00:00,0.5879178
2025-10-20 10:00:00,0.49179828
2025-10-20 11:00:00,0.39416158
2025-10-20 12:00:00,0.30114093
2025-10-20 13:00:00,0.210856
2025-10-20 14:00:00,0.12887034
2025-10-20 15:00:00,0.08700749
2025-10-20 16:00:00,0.16890183
2025-10-20 17:00:00,0.33884078
2025-10-20 18:00:00,0.5455276
2025-10-20 19:00:00,0.6717444
2025-10-20 20:00:00,0.74551135
2025-10-20 21:00:00,0.71396893
2025-10-20 22:00:00,0.6156686
2025-10-20 23:00:00,0.52068454
2025-10-21 00:00:00,0.42454845
2025-10-21 01:00:00,0.33232874
2025-10-21 02:00:00,0.24390824
2025-10-21 03:00:00,0.17563641
2025-10-21 04:00:00,0.18764721
2025-10-21 05:00:00,0.32861584
2025-10-21 06:00:00,0.5109533
2025-10-21 07:00:00,0.660799
2025-10-21 08:00:00,0.7276653
2025-10-21 09:00:00,0.689897
2025-10-21 10:00:00,0.60541296
2025-10-21 11:00:00,0.5124471
2025-10-21 12:00:00,0.42280084
2025-10-21 13:00:00,0.3344158
2025-10-21 14:00:00,0.24986751
2025-10-21 15:00:00,0.1825192
2025-10-21 16:00:00,0.1920113
2025-10-21 17:00:00,0.33605736
2025-10-21 18:00:00,0.5451866
2025-10-21 19:00:00,0.7215784
2025-10-21 20:00:00,0.8273377
2025-10-21 21:00:00,0.84898853
2025-10-21 22:00:00,0.7649961
2025-10-21 23:00:00,0.672998
2025-10-22 00:00:00,0.5871445
2025-10-22 01:00:00,0.4958861
2025-10-22 02:00:00,0.40716833
2025-10-22 03:00:00,0.3276565
2025-10-22 04:00:00,0.28236762
2025-10-22 05:00:00,0.3528133
2025-10-22 06:00:00,0.51663584
2025-10-22 07:00:00,0.7132783
2025-10-22 08:00:00,0.81034166
2025-10-22 09:00:00,0.82556266
2025-10-22 10:00:00,0.74162513
2025-10-22 11:00:00,0.6588185
2025-10-22 12:00:00,0.57085335
2025-10-22 13:00:00,0.48451233
2025-10-22 14:00:00,0.39867032
2025-10-22 15:00:00,0.32087508
2025-10-22 16:00:00,0.27964863
2025-10-22 17:00:00,0.35676464
2025-10-22 18:00:00,0.53472245
2025-10-22 19:00:00,0.76109564
2025-10-22 20:00:00,0.8842919
2025-10-22 21:00:00,0.94768465
2025-10-22 22:00:00,0.9060926
2025-10-22 23:00:00,0.8028789
2025-10-23 00:00:00,0.7189393
2025-10-23 01:00:00,0.6365812
2025-10-23 02:00:00,0.54610497
2025-10-23 03:00:00,0.4600838
2025-10-23 04:00:00,0.39206222
2025-10-23 05:00:00,0.3959437
2025-10-23 06:00:00,0.5218932
2025-10-23 07:00:00,0.7085536
2025-10-23 08:00:00,0.8526158
2025-10-23 09:00:00,0.9017765
2025-10-23 10:00:00,0.8384954
2025-10-23 11:00:00,0.75544435
2025-10-23 12:00:00,0.67938745
2025-10-23 13:00:00,0.59212124
2025-10-23 14:00:00,0.50869185
2025-10-23 15:00:00,0.4262364
2025-10-23 16:00:00,0.36328563
2025-10-23 17:00:00,0.37475485
2025-10-23 18:00:00,0.5088859
2025-10-23 19:00:00,0.7388229
2025-10-23 20:00:00,0.89350176
2025-10-23 21:00:00,0.99237406
2025-10-23 22:00:00,1.0068532
2025-10-23 23:00:00,0.9065063
2025-10-24 00:00:00,0.82363784
